Gun,Type,Ammo Type,Base Range (1.34x),HP Range (1.5x),Synthetic Range (1.75x),HP Extension,Synth Extension
TR-7,Assault Rifle,Hollow Point,57.33695652173914,75.0,97.56944444444443,17.66304347826086,40.23248792270529
AK4D,Assault Rifle,Hollow Point,57.33695652173914,75.0,97.56944444444443,17.66304347826086,40.23248792270529
M60,LMG,Hollow Point,57.33695652173914,75.0,97.56944444444443,17.66304347826086,40.23248792270529
