Gun,Type,Ammo Type,Base Range (1.34x),HP Range (1.5x),Synthetic Range (1.75x),HP Extension,Synth Extension
TR-7,Assault Rifle,Hollow Point,34.86152694610779,45.98214285714286,61.45833333333333,11.120615911035074,26.59680638722554
AK4D,Assault Rifle,Hollow Point,34.86152694610779,45.98214285714286,61.45833333333333,11.120615911035074,26.59680638722554
M60,LMG,Hollow Point,34.86152694610779,45.98214285714286,61.45833333333333,11.120615911035074,26.59680638722554
