Gun,Type,Ammo Type,Base Range (1.34x),HP Range (1.5x),Synthetic Range (1.75x),HP Extension,Synth Extension
TR-7,Assault Rifle,Hollow Point,57.33695652173914,75,75,17.66304347826086,17.66304347826086
AK4D,Assault Rifle,Hollow Point,57.33695652173914,75,75,17.66304347826086,17.66304347826086
M60,LMG,Hollow Point,57.33695652173914,75,75,17.66304347826086,17.66304347826086
