Gun,Type,Ammo Type,STK,HS,Body,Base Range (1.34x),HP Range (1.5x),Synthetic Range (1.75x),HP Extension,Synth Extension
M277,Carbine,Hollow Point,4,2,2,100.0,100.0,100.0,0.0,0.0
M4A1,Carbine,Hollow Point,5,2,3,65.15845070422536,80.41666666666667,100.0,15.258215962441312,34.84154929577464
GRT-BC,Carbine,Hollow Point,5,2,3,65.15845070422536,80.41666666666667,100.0,15.258215962441312,34.84154929577464
QBZ-192,Carbine,Synthetic,5,2,3,65.15845070422536,80.41666666666667,100.0,15.258215962441312,34.84154929577464
M417A2,Carbine,Hollow Point,4,2,2,62.30158730158729,75.0,91.88311688311687,12.69841269841271,29.58152958152958
