Gun,Type,Ammo Type,STK,HS,Body,Base Range (1.34x),HP Range (1.5x),Synthetic Range (1.75x),HP Extension,Synth Extension
M123K,LMG,Hollow Point,4,2,2,57.222222222222214,75.0,98.63636363636363,17.777777777777786,41.41414141414141
L110,LMG,Hollow Point,4,2,2,57.222222222222214,75.0,98.63636363636363,17.777777777777786,41.41414141414141
DRS-IAR,LMG,Synthetic,4,2,2,57.222222222222214,75.0,98.63636363636363,17.777777777777786,41.41414141414141
M60,LMG,Hollow Point,3,2,1,57.33695652173914,75.0,97.56944444444443,17.66304347826086,40.23248792270529
RPKM,LMG,Synthetic,4,2,2,62.30158730158729,75.0,91.88311688311687,12.69841269841271,29.58152958152958
