Gun,Type,Ammo Type,STK,HS,Body,Base Range (1.34x),HP Range (1.5x),Synthetic Range (1.75x),HP Extension,Synth Extension
M123K,LMG,Hollow Point,4,1,3,35.46082949308756,46.111111111111114,61.31578947368421,10.650281618023556,25.854959980596654
L110,LMG,Hollow Point,4,1,3,35.46082949308756,46.111111111111114,61.31578947368421,10.650281618023556,25.854959980596654
DRS-IAR,LMG,Synthetic,4,1,3,35.46082949308756,46.111111111111114,61.31578947368421,10.650281618023556,25.854959980596654
M60,LMG,Hollow Point,3,1,2,34.86152694610779,45.98214285714286,61.45833333333333,11.120615911035074,26.59680638722554
RPKM,LMG,Synthetic,4,1,3,46.7577353522054,54.36507936507937,65.22556390977444,7.607344012873966,18.467828557569035
