Gun,Type,Ammo Type,STK,HS,Body,Base Range (1.34x),HP Range (1.5x),Synthetic Range (1.75x),HP Extension,Synth Extension
USG-90,SMG,Hollow Point,6,1,5,46.190851735015784,52.5,61.75925925925926,6.309148264984216,15.568407524243476
KV9,SMG,Hollow Point,5,1,4,23.795255930087386,29.6969696969697,38.26086956521739,5.901713766882313,14.465613635130005
UMG-40,SMG,Synthetic,5,1,4,46.94288389513109,55.79545454545455,68.6413043478261,8.852570650323457,21.698420452695004
SGX,SMG,Hollow Point,5,1,4,23.795255930087386,29.6969696969697,38.26086956521739,5.901713766882313,14.465613635130005
PW5A3,SMG,Synthetic,5,1,4,23.795255930087386,29.6969696969697,38.26086956521739,5.901713766882313,14.465613635130005
