Gun,Type,Ammo Type,STK,HS,Body,Base Range (1.34x),HP Range (1.5x),Synthetic Range (1.75x),HP Extension,Synth Extension
USG-90,SMG,Hollow Point,6,2,4,59.23652694610781,70.35714285714286,85.83333333333333,11.120615911035053,26.59680638722552
KV9,SMG,Hollow Point,5,2,3,35.93896713615024,46.111111111111114,60.0,10.172143974960875,24.06103286384976
UMG-40,SMG,Synthetic,5,2,3,65.15845070422536,80.41666666666667,100.0,15.258215962441312,34.84154929577464
SGX,SMG,Hollow Point,5,2,3,35.93896713615024,46.111111111111114,60.0,10.172143974960875,24.06103286384976
PW5A3,SMG,Synthetic,5,2,3,35.93896713615024,46.111111111111114,60.0,10.172143974960875,24.06103286384976
