Gun,Type,Ammo Type,Base Range (1.34x),HP Range (1.5x),Synthetic Range (1.75x),HP Extension,Synth Extension
M277,Carbine,Hollow Point,100.0,100.0,100.0,0.0,0.0
M123K,LMG,Hollow Point,57.222222222222214,75.0,98.63636363636363,17.777777777777786,41.41414141414141
L110,LMG,Hollow Point,57.222222222222214,75.0,98.63636363636363,17.777777777777786,41.41414141414141
DRS-IAR,LMG,Synthetic,57.222222222222214,75.0,98.63636363636363,17.777777777777786,41.41414141414141
M433,Assault Rifle,Hollow Point,57.222222222222214,75.0,98.63636363636363,17.777777777777786,41.41414141414141
B36A4,Assault Rifle,Synthetic,57.222222222222214,75.0,98.63636363636363,17.777777777777786,41.41414141414141
SOR-556 MK2,Assault Rifle,Synthetic,57.222222222222214,75.0,98.63636363636363,17.777777777777786,41.41414141414141
M417A2,Carbine,Hollow Point,62.30158730158729,75.0,91.88311688311687,12.69841269841271,29.58152958152958
RPKM,LMG,Synthetic,62.30158730158729,75.0,91.88311688311687,12.69841269841271,29.58152958152958
