Gun,Type,Ammo Type,Base Range (1.34x),HP Range (1.5x),Synthetic Range (1.75x),HP Extension,Synth Extension
M4A1,Carbine,Hollow Point,46.94288389513109,55.79545454545455,68.6413043478261,8.852570650323457,21.698420452695004
GRT-BC,Carbine,Hollow Point,46.94288389513109,55.79545454545455,68.6413043478261,8.852570650323457,21.698420452695004
QBZ-192,Carbine,Synthetic,46.94288389513109,55.79545454545455,68.6413043478261,8.852570650323457,21.698420452695004
KV9,SMG,Hollow Point,23.795255930087386,29.6969696969697,38.26086956521739,5.901713766882313,14.465613635130005
UMG-40,SMG,Synthetic,46.94288389513109,55.79545454545455,68.6413043478261,8.852570650323457,21.698420452695004
SGX,SMG,Hollow Point,23.795255930087386,29.6969696969697,38.26086956521739,5.901713766882313,14.465613635130005
PW5A3,SMG,Synthetic,23.795255930087386,29.6969696969697,38.26086956521739,5.901713766882313,14.465613635130005
