Gun,Type,Ammo Type,Base Range (1.34x),HP Range (1.5x),Synthetic Range (1.75x),HP Extension,Synth Extension
M4A1,Carbine,Hollow Point,65.15845070422536,75.0,75.0,9.84154929577464,9.84154929577464
GRT-BC,Carbine,Hollow Point,65.15845070422536,75.0,75.0,9.84154929577464,9.84154929577464
QBZ-192,Carbine,Synthetic,65.15845070422536,75.0,75.0,9.84154929577464,9.84154929577464
KV9,SMG,Hollow Point,35.93896713615024,46.111111111111114,60.0,10.172143974960875,24.06103286384976
UMG-40,SMG,Synthetic,65.15845070422536,75.0,75.0,9.84154929577464,9.84154929577464
SGX,SMG,Hollow Point,35.93896713615024,46.111111111111114,60.0,10.172143974960875,24.06103286384976
PW5A3,SMG,Synthetic,35.93896713615024,46.111111111111114,60.0,10.172143974960875,24.06103286384976
