Gun,Type,Ammo Type,STK,HS,Body,Base Range (1.34x),HP Range (1.5x),Synthetic Range (1.75x),HP Extension,Synth Extension
M433,Assault Rifle,Hollow Point,4,1,3,35.46082949308756,46.111111111111114,61.31578947368421,10.650281618023556,25.854959980596654
B36A4,Assault Rifle,Synthetic,4,1,3,35.46082949308756,46.111111111111114,61.31578947368421,10.650281618023556,25.854959980596654
SOR-556 MK2,Assault Rifle,Synthetic,4,1,3,35.46082949308756,46.111111111111114,61.31578947368421,10.650281618023556,25.854959980596654
TR-7,Assault Rifle,Hollow Point,3,1,2,34.86152694610779,45.98214285714286,61.45833333333333,11.120615911035074,26.59680638722554
AK4D,Assault Rifle,Hollow Point,3,1,2,34.86152694610779,45.98214285714286,61.45833333333333,11.120615911035074,26.59680638722554
