Gun,Type,Ammo Type,STK,HS,Body,Base Range (1.34x),HP Range (1.5x),Synthetic Range (1.75x),HP Extension,Synth Extension
M433,Assault Rifle,Hollow Point,4,2,2,57.222222222222214,75.0,98.63636363636363,17.777777777777786,41.41414141414141
B36A4,Assault Rifle,Synthetic,4,2,2,57.222222222222214,75.0,98.63636363636363,17.777777777777786,41.41414141414141
SOR-556 MK2,Assault Rifle,Synthetic,4,2,2,57.222222222222214,75.0,98.63636363636363,17.777777777777786,41.41414141414141
TR-7,Assault Rifle,Hollow Point,3,2,1,57.33695652173914,75.0,97.56944444444443,17.66304347826086,40.23248792270529
AK4D,Assault Rifle,Hollow Point,3,2,1,57.33695652173914,75.0,97.56944444444443,17.66304347826086,40.23248792270529
