Gun,Type,Ammo Type,STK,HS,Body,Base Range (1.34x),HP Range (1.5x),Synthetic Range (1.75x),HP Extension,Synth Extension
M277,Carbine,Hollow Point,4,1,3,100.0,100.0,100.0,0.0,0.0
M4A1,Carbine,Hollow Point,5,1,4,46.94288389513109,55.79545454545455,68.6413043478261,8.852570650323457,21.698420452695004
GRT-BC,Carbine,Hollow Point,5,1,4,46.94288389513109,55.79545454545455,68.6413043478261,8.852570650323457,21.698420452695004
QBZ-192,Carbine,Synthetic,5,1,4,46.94288389513109,55.79545454545455,68.6413043478261,8.852570650323457,21.698420452695004
M417A2,Carbine,Hollow Point,4,1,3,46.7577353522054,54.36507936507937,65.22556390977444,7.607344012873966,18.467828557569035
