Gun,Type,Ammo Type,Avg HP Improvement (ms),Max HP Improvement (ms),HP Scenarios,Avg Synth Improvement (ms),Max Synth Improvement (ms),Synth Scenarios
RPKM,LMG,Synthetic,108.499095840868,108.499095840868,9,108.499095840868,108.499095840868,18
UMG-40,SMG,Synthetic,94.48818897637794,94.48818897637796,14,106.81273536460115,188.9763779527559,23
SOR-556 MK2,Assault Rifle,Synthetic,105.63380281690141,105.63380281690144,9,105.63380281690141,105.63380281690144,19
PW5A3,SMG,Synthetic,77.82101167315176,77.82101167315187,13,96.49805447470818,155.64202334630363,25
B36A4,Assault Rifle,Synthetic,83.33333333333333,83.33333333333334,9,83.33333333333333,83.33333333333334,19
DRS-IAR,LMG,Synthetic,77.82101167315176,77.82101167315179,9,77.82101167315176,77.82101167315179,19
